KEY;ENGLISH;FRENCH;GERMAN;POLISH;SPANISH;ITALIAN;HUNGARIAN;CZECH;HUNGARIAN;DUTCH;PORTUGUESE;RUSSIAN;FINNISH;X
noculturegroup;Unknown;Inconnue;Unbekannte;Nieznany;Desconocida;Sconosciuta;Ismeretlen;Nezn�m�;Ismeretlen;Onbekend;Desconhecida;�����������;Tuntematon;x
noculture;Unknown;Inconnue;Unbekannte;Nieznany;Desconocida;Sconosciuta;Ismeretlen;Nezn�m�;Ismeretlen;Onbekend;Desconhecida;�����������;Tuntematon;x
adelphic;Adelphic;Adelphique;Adelphisch;Adelfska;Adelfica;Adelfica;Adelphic;Adelphic;Adelphic;Adelphic;Ad�lfica;���������;Adelphic;x
afer;Afer;Afre;Afr;Aferska;Afra;Affero;Afer;Afer;Afer;Aferijns;Afra;�������;Afera;x
africaine;Africaine;Franco-Africaine;Afrik�nisch;Afrik�ska;Afriquena;Africaine;Africaine;Africaine;Africaine;Africaine;Africaine;������������;Africaine;x
africano;Africano;Italo-Africaine;Afrikano;Afrikanoska;Italo-Africana;Africano;Africano;Africano;Africano;Africano;Africana-Italiana;��������;Africano;x
afro_carpathian;Afro-Carpathian;Afro-Carpate;Afrokarpatisch;Afrokarpacka;Afro-C�rpata;Afro-carpatico;Afro-K�rp�tok;Afro-karpatsk�;Afro-K�rp�tok;Afro-Karpaten;Afro-C�rpata;��������������;Afro-Carpathian;x
afro_greek;Afro-Greek;Afro-Grecque;Afrogriechisch;Afrogrecka;Afro-Griega;Afro-bizantino;Afro-biz�nci;Afro-byzantsk�;Afro-biz�nci;Afro-Byzantijnse;Afro-Grega;�������������;Afro-Bysantin;x
afro_italian;Afro-Italian;Afro-Italienne;Afroitalienisch;Afrow�oska;Afro-Italiana;Afro-italiano;Afro-olasz;Afro-ital�tina;Afro-olasz;Afro-Italiaanse;Afro-Italiana;���������������;Afro-italialainen;x
afro_norse;Afro-Norse;Afro-Norroise;Afronordisch;Afronorweska;Afro-N�rdica;Afro-germanico;Afro-germ�n;Afro-germ�nski;Afro-germ�n;Afro-Germaans;Afro-N�rdica;�����������������;Afro-saksalainen;x
afro_slavic;Afro-Slavic;Afro-Slave;Afroslawisch;Afros�owia�ska;Afro-Eslava;Afro-slavo;Afro-szl�v;Afro-slovansk�;Afro-szl�v;Afro-Slavische;Afro-Eslava;��������������;Afro-slaavilainen;x
alan;Alan;Alaine;Alanisch;Ala�ska;Alana;Alano;Alan;Alan;Alan;Alan;Alana;��������;Alan;x
alaskan;Alaskan;Alaskienne;Alaskisch;Alaskijska;Alasque�a;Alascana;Alaszkai;Alja�sk�;Alaszkai;Alaska;Alasquiana;�����������;Alaskan;x
alexandrine;Alexandrine;Alexandrine;Alexandriner;Aleksandryjska;Alejandrina;Alessandrino;Alexandriai;Alexandrine;Alexandriai;Alexandrijn;Alexandrina;���������������;Aleksandriini;x
algonquish;Algonquish;Algonquiaise;Algonkinisch;Algonki�ska;Algonque�a;Algonchiese;Algonquish;Algonquish;Algonquish;Algonquish;Algonquinesa;������������;Algonquish;x
alien;Extraterrestrial;Extraterrestre;Au�erirdisch;Obca;Alien�gena;alieno;idegen;Mimozemski;idegen;vreemdeling;Alien�gena;������������;ulkomaalainen;x
all_italian;Neo-Italian;N�o-Italienne;Neu-Italienisch;Neo-W�oska;Neo-Italiana;Neo-Italiano;Neo-Olasz;Neo-Italski;Neo-Olasz;Neo-Italiaanse;Neo-Italiana;���������������;Neo-Italialainen;x
alpine;Alpine;Alpine;Alpin;Alpejska;Alpina;Alpina;Alpesi;Vysokohorski;Alpesi;Alpine;Alpestre;�������;Alppien;x
americano;Americano;Latino-Am�ricaine;Amerikano;Amerikanoska;Latina-Americana;Americano;Americano;Americano;Americano;Americano;Americana;���������;Americano;x
amerikaner;Amerikaner;Americaneuse;Deitsch-Amerikanisch;Amerikanerska;Amerikaner;Amerikaner;Amerikaner;Amerikaner;Amerikaner;Amerikaner;Amerikaner;����������;Amerikaner;x
anatolian;Anatolian;Anatolienne;Anatolisch;Anatolijska;Anatolia;Anatolica;Anat�liai;Anatolian;Anat�liai;Anatolisch;Anat�lia;������������;Anatolian;x
andalucian;Andalucian;Andalouse;Andalusisch;Andaluzyjska;Andaluza;Andaluso;Andal�z;Andaluski;Andal�z;Andalusische;Andaluza;�����������;Andalusian;x
anglo_african;Anglo-African;Anglo-Africaine;Angloafrikanisch;Angloafrika�ska;Anglo-Africana;Anglo-Africano;Anglo-Afrikai;Anglo-Afri�an;Anglo-Afrikai;Anglo-Afrikaanse;Anglo-Africana;����������������;Anglo-Afrikkalainen;x
anglo_saxon;Anglo-Saxon;Anglo-Saxonne;Angels�chsisch;Anglosaksa;Anglosajona;Anglosassone;Angolsz�sz;Anglosaski;Angolsz�sz;Angelsaksisch;Anglo-Sax�;���������������;Anglosaksit;x
anglo_suebi;Anglo-Suebi;Anglo-Suebi;Anglo-Suebi;Anglo-Suebi;Anglo-Suebi;Anglo-Suebi;Anglo-Suebi;Anglo-Suebi;Anglo-Suebi;Anglo-Suebi;Anglo-Suebi;�����-��������;Anglo-Suebi;x
antartique;Antarctique;Antarctique;Antarktik;Antartikska;Antarctique;Antarctica;Antarctique;Antartique;Antarctique;Antarctique;Antarctique;������������;Antarctique;x
anti_human;Non-Human;Fl�au de l'Humanit�;Fluch der Menschheit;Zmora Ludzko�ci;Perdici�n de la Humanidad;Non umano;Nem emberi;Non-Human;Nem emberi;Niet menselijk;Maldi��o da Humanidade;��� ������������;Ei ihminen;x
antivuorean;Antivuorean;Antivuor�enne;Antiwuoreer;Antiwuorea�ska;Antivuorea;Antivuorea;Antivuoreai;Antivuorean;Antivuoreai;Antivuoreaans;Antivuore�;�������������;Antivuorealaiset;x
araucanian;Araucanian;Araucanienne;Araukanisch;Arauka�ska;Araucania;Araucanese;Arauk�n;Araucanian;Arauk�n;Araucanian;Araucana;������������;Araukaani;x
aravacian;Aravacian;Aravacienne;Aravazisch;Arawacka;Aravacia;Aravacese;Aravacian;Aravacian;Aravacian;Aravacian;Aravaquesa;����������;Aravacian;x
arcansian;Arcansian;Arcansienne;Arkansit;Arkansaska;Arcansia;Arcansiese;Arcansian;Arcansian;Arcansian;Arcansian;Arcansesa;�����������;Arcansian;x
aromanian;Aromanian;Aroumaine;Aromunisch;Arumu�ska;Arrumana;Arumeno;Arom�n;Arumun�tina;Arom�n;Aroemeens;Aromena;����������;Aromania;x
arvorigeg;Arvorigeg;Arvorigeg;Arvorigeg;Arvorigeg;Arvorigeg;Arvorigeg;Arvorigeg;Arvorigeg;Arvorigeg;Arvorigeg;Arvorigeg;Arvorigeg;Arvorigeg;x
assyrian;Assyrian;Assyrienne;Assyrisch;Asyryjcka;Asiria;Assiro;Assz�r;Asyrski;Assz�r;Assyrisch;Ass�ria;�����������;Assyrialainen;x
atlanto_slavic_group;Atlanto-Slavic;Atlanto-Slave;Atlantikslawisch;Atlantycko-Slowianskie;Atlanto-Eslavo;Atlanto-Slavic;Atlanto-Slavic;Atlanto-Slavic;Atlanto-Slavic;Atlanto-Slavic;Atlanto-Eslavo;���������-����������;Atlanto-Slavic;x
australiano;Australiano;Italo-Australienne;Italo-Australisch;W�ochoaustralijska;Italo-Australiana;Australiano;Australiano;Australiano;Australiano;Australiano;Australiana-Italiana;������������������;Australiano;x
australienne;Australienne;Franco-Australienne;Anglo-Australisch;Frankoaustralijska;Franco-Australiana;Australienne;Australienne;Australienne;Australienne;Australienne;Australienne;�������������������;Australienne;x
australus;Ostralus;Ostrale;Ostral;Ostra�ska;Ostrala;Ostralo;Ausztr�l;Austr�l;Ausztr�l;Australijns;Ostrala;�������;Australa;x
bai;Bai;Bai;Bai;Bai;Bai;Bai;Bai;Bai;Bai;Bai;Bai;���;Bai;x
balkan;Balkan;Balkanique;Balkanisch;Ba�ka�ska;Balc�nico;Balcanica;Balk�n;Balk�nski;Balk�n;Balkan;Balc�nico;����������;Balkanin;x
barbarian;Barbarian;Barbare;Barbarisch;Barbarzy�ca;B�rbaro;Barbaro;Barb�r;Barbar;Barb�r;Barbaar;B�rbara;�������;Barbaari;x
bazramani;Bazramani;B�zr�manie;Basramani;Bazramani;Bazraman�;Bazramani;Bazramani;Bazramani;Bazramani;Bazramani;Bazramani;����������;Bazramani;x
beieren;Beieren;Beieren;Beieren;Beieren;Beieren;Beieren;Beieren;Beieren;Beieren;Beieren;Beieren;������������;Beieren;x
belgian;Belgian;Belge;Belgisch;Belgijska;Belga;Belga;Belga;Belgicki;Belga;Belgisch;Belga;����������;Belgialainen;x
beltramian;Beltramian;Beltramienne;Beltramisch;Beltramska;Beltramia;Beltramiana;Beltramian;Beltramian;Beltramian;Beltramian;Beltramiana;�����������;Beltramian;x
berzanian;Berzanian;Berzanian;Berzanian;Berzanian;Berzanian;Berzanian;Berzanian;Berzanian;Berzanian;Berzanian;Berzanian;����������;Berzanian;x
betwani;Betwani;Betwani;Betwani;Betwani;Betwani;Betwani;Betwani;Betwani;Betwani;Betwani;Betwani;�������;Betwani;x
boehmisch;B�hmisch;Beumiche;Teutsch-B�hmisch;Bemiszska;Bemicha;Bemiscia;B�hmisch;B�hmisch;B�hmisch;B�hmisch;B�hmisch;���������;B�hmisch;x
bomullborgar;Bomullborgar;Bomoulborgare;Bomullborgerisch;Bomullborgarska;Bomulburguesa;Bomulborgara;Bomullborgar;Bomullborgar;Bomullborgar;Bomullborgar;Bomullborgar;����������������;Bomullborgar;x
bornean;Bornean;Born�enne;Borneisch;Bornea�ska;Bornea;Borneese;Borne�i;Bornean;Borne�i;Bornean;Born�u;����������;Bornean;x
breton;Breton;Bretonne;Bretonisch;Breto�ska;Bretona;Bretone;Breton;Breton;Breton;Breton;Bret�;����������;Breton;x
brithenig;Brithenig;Brithenig;Brithenig;Brithenig;Brithenig;Brithenig;Brithenig;Brithenig;Brithenig;Brithenig;Brithenig;��������;Brithenig;x
bundsfoervant;Bundsf�rvant;Boundsfeurvante;Bundsf�rvantisch;Bundsferwantska;Bundsfervanza;Bundsfervanza;Bundsf�rvant;Bundsf�rvant;Bundsf�rvant;Bundsf�rvant;Bundsf�rvant;������������;Bundsf�rvant;x
bythlimmoth;Bythlimmoth;Bythlimmoth;Bythlimmoth;Bythlimmoth;Bythlimmoth;Bythlimmoth;Bythlimmoth;Bythlimmoth;Bythlimmoth;Bythlimmoth;Bythlimmoth;���������;Bythlimmoth;x
cabottian;Cabottian;Cabotienne;Cabotisch;Kabotska;Cabocia;Cabottiana;Cabottian;Cabottian;Cabottian;Cabottian;Cabottiana;���������;Cabottian;x
caddoan;Caddoan;Caddo;Caddo;Kaddo;Caddo;Caddoano;Caddoan;Caddoan;Caddoan;Caddoan;Caddo�;�����;Caddoan;x
calusan;Calusan;Calusaise;Kalusisch;Kaluska;Caluse�a;Calusese;Calusan;Calusan;Calusan;Calusan;Calus�;��������;Calusan;x
camite;Camite;Camite;Hamitisch;Chamska;Camita;Camita;Camite;Camite;Camite;Camite;Camita;�������;Camite;x
carribean;Carribean;Cara�bique;Karibisch;Karaibska;Caribe�a Nativa;Caraibico;Karib;Carribean;Karib;Carribean;Caribenha Amer�ndia;���������;Karibian;x
carthaginian;Carthaginian;Carthaginoise;Karthagisch;Kartagi�ska;Cartaginesa;Cartaginese;Karth�g�i;Kart�ginski;Karth�g�i;Carthaagse;Cartaginesa;������������;Kartaginolainen;x
caspian;Caspian;Caspienne;Kaspisch;Kaspijski;Caspia;Caspian;Caspian;Caspian;Caspian;Caspian;C�spio;����������;Caspian;x
cat;Feline;F�line;Katzenhaft;Kocia;Gata;felino;macskaf�le;Ko�koviti;macskaf�le;katachtig;Gata;�������;kissael�in;x
ceian;Ceian;C�ienne;Cheisch;Czejska;Cheya;Ceiana;Ceian;Ceian;Ceian;Ceian;Cei�;�������;Ceian;x
celtiberian;Celtiberian;Celtib�re;Keltiberisch;Celtyberyjska;Celt�bera;Celtiberica;Celtiberian;Keltiberski;Celtiberian;Keltiberisch;Celtibera;�������������;Celtiberian;x
celtic;Celtic;Celtique;Keltisch;Celtycka;C�ltico;Celtica;Kelta;Keltski;Kelta;Keltisch;C�ltico;���������;kelttil�inen;x
celtic_african;Gurmian;Gurmienne;Gurmisch;Gurmska;Gurmia;Gurmiana;Gurmian;Gurmian;Gurmian;Gurmian;Gurmiana;��������;Gurmian;x
celtic_american;Balirigean;Balirig�enne;Balirigisch;Balirid�ska;Balirig�a;Balirigeana;Balirigean;Balirigean;Balirigean;Balirigean;Balirige�;�����������;Balirigean;x
celtic_australian;Gainemian;Gain�mienne;Gainemisch;Gainemska;Gaynemia;Gainemiana;Gainemian;Gainemian;Gainemian;Gainemian;Gainemiana;����������;Gainemian;x
cenabian;Cenabian;Cenabian;Cenabian;Cenabian;Cenabian;Cenabian;Cenabian;Cenabian;Cenabian;Cenabian;Cenabian;���������;Cenabian;x
central_algonquian;Central Algonquian;Algonquienne Centrale;Zentralalgonkinisch;�rodkowoalgonkia�ska;Algonquina Central;Algonchino Centrale;K�z�p-Algonquian;Centr�ln� Algonquian;K�z�p-Algonquian;Centraal Algonquian;Algonquiana Central;����������������������;Keski Algonquian;x
cetuan;Cetuan;C�tuenne;Zetuisch;Ketska;Cetue�a;Cetuana;Cetuan;Cetuan;Cetuan;Cetuan;Cetu�;�������;Cetuan;x
chacoan;Chacoan;Chaco;Chaco;Chaco;Chaco;Chacoano;Chaco;Chacoan;Chaco;Chacoan;Chaco�;����;Chacoan;x
cherokee;Cherokee;Tch�rok�e;Cherokee;Czirokeska;Cheroqui;Cherokeeo;Cherokee;Cherokee;Cherokee;Cherokee;Cheroqui;������;Cherokee;x
chibchan;Chibchan;Chibcha;Chibcha;Czibcza�ska;Chibchense;Chibchano;Chibchan;Chibchan;Chibchan;Chibcha;Chibchana;����������;Chibchan;x
coigriche;Coigriche;Coigriche;Coigriche;Coigriche;Coigriche;Coigriche;Coigriche;Coigriche;Coigriche;Coigriche;Coigriche;Coigriche;Coigriche;x
copts;Copts;Copte;Koptisch;Koptyjska;Copta;Copta;Kopt;Koptsk�;Kopt;Coptisch;Copta;��������;Koptilainen;x
crni;Crni;Tzeurnie;Zrni;Tzer�ska;Tzern�;Crni;Crni;Crni;Crni;Crni;Crni;������;Crni;x
czarny;Czarny;Tcharnie;Tscharnisch;Czarna;Charn�;Czarny;Czarny;Czarny;Czarny;Czarny;Czarny;������;Czarny;x
dacian;Dacian;Dace;Dakisch;Dacka;Dacia;Dacia;Dacian;Dacian;Dacian;Dacian;D�cia;�������;Dacian;x
dacian_african;Daciafrican;Da�africaine;Dakafrikanisch;Dakafryka�ska;Daciafricana;Daciafricana;Daciafrican;Daciafrican;Daciafrican;Daciafrican;Daciafricana;���������������;Daciafrican;x
dacian_american;Daciamerican;Da�am�ricaine;Dakamerikanisch;Dakameryka�ska;Daciamericana;Daciamericana;Daciamerican;Daciamerican;Daciamerican;Daciamerican;Daciamericana;����������������;Daciamerican;x
dacian_australian;Daciaustralian;Da�australienne;Dakaustralianisch;Dakaustralijska;Daciaustraliana;Daciaustraliana;Daciaustralian;Daciaustralian;Daciaustralian;Daciaustralian;Daciaustraliana;�����������������;Daciaustralian;x
dakshin;Dakshin;Daquechine;Dakschin;Dakszin;Daquech�;Dacscin;Dakshin;Dakshin;Dakshin;Dakshin;Daquexina;������;Dakshin;x
deagostinian;Deagostinian;Daugustinienne;Deagostinisch;Deagosti�ska;Deagustinia;Deagostiniana;Deagostinian;Deagostinian;Deagostinian;Deagostinian;Deagostinhana;���������������;Deagostinian;x
delian;D�lian;D�lienne;Delisch;De�ska;Delia;Deliano;D�lian;D�lian;D�lian;D�lian;D�liana;���������;D�lian;x
dhen;�en;�en;�en;�en;�en;Dhen;Dhen;Dhen;Dhen;Dhen;�en;���;Dhen;x
dinajidad;Dinajidad;Dinadjidad;Dinadschidad;Dinad�idad;Dinayidad;Dinagid�;Dinajidad;Dinajidad;Dinajidad;Dinajidad;Dinajidad;����������;Dinajidad;x
dog_culture;Dog;Chien;H�ndisch;Psia;Perra;Cane;Pes;Kutya;Hond;Cadela;Cadela;�����;Koira;x
dom;Dom;Dom;Dom;Dom;Dom;Dom;Dom;Dom;Dom;Dom;Dom;���;Dom;x
dongren;Dongren;Dongren;Dongren;Dongren;Dongren;Dongren;Dongren;Dongren;Dongren;Dongren;Dongren;�������;Dongren;x
dragon_culture;Dragon;Dragon;Drachen;Drago�ska;Drag�n;Drago;Drak;S�rk�ny;Draak;Dragoa;Dragoa;��������;Lohik��rme;x
dramor;Dramor;Dramor;Dramor;Dramor;Dramor;Dramor;Dramor;Dramor;Dramor;Dramor;Dramor;Dramor;Dramor;x
duck_culture;Duck;Canard;Ente;Kacza;Pata;Papero;Kachna;Kacsa;Eend;Pato;Pato;����;Ankka;x
dummy;No Culture;Sans-Culture;Kulturlos;Brak Kultury;Sin Cultura;Senza Cultura;Nincs Kult�ra;��dn� Kultura;Nincs Kult�ra;Geen Cultuur;Nenhuma Cultura;�������������;Ei Kulttuuria;x
dytic_african;Dendrytic;Dendrytique;Dendrytisch;Dendrytska;Dendr�tica;Dendritica;Dendrytic;Dendrytic;Dendrytic;Dendrytic;Dendr�tica;�����������;Dendrytic;x
dytic_american;Elysian;�lys�enne;Elys�isch;Elizejska;El�sea;Elisia;Elysian;Elysian;Elysian;Elysian;El�sia;����������;Elysian;x
dytic_australian;Catogreek;Catogrecque;Katogriechisch;Katogrecka;Catogriega;Catogreca;Catogreek;Catogreek;Catogreek;Catogreek;Catogrega;�������������;Catogreek;x
dytic_g;Dytic;Dytique;Dytisch;Dyticka;D�tico;Ditica;Dytic;Dytic;Dytic;Dytisch;D�tico;���������;Dytic;x
ealimi;Ealimi;�alimi;Ealimi;Ealimi;Ealimi;Ealimi;Ealimi;Ealimi;Ealimi;Ealimi;Ealimi;������;Ealimi;x
eastern_algonquian;Eastern Algonquian;Algonquienne Orientale;Ostalgonkinisch;Wschodnioalgonkia�ska;Algonquina Oriental;Algonchino Orientale;Keleti Algonquian;Vichodn� Algonquian;Keleti Algonquian;Oost-Algonquian;Algonquiana Oriental;��������������������;It�inen Algonquian;x
elamite;Elamite;�lamite;Elamit;Elamit;Elamita;Elamite;Elamite;Elamite;Elamite;Elamite;Elamita;������;Elamite;x
elephant_culture;Elephant;�l�phant;Elefant;S�oniowata;Elefanta;Elefante;Elef�nt;Slon;Elef�nt;Elefoa;Elefoa;����;Elefantti;x
elsinorian;Elsinorian;Elseneuroise;Helsing�risch;Elsynorowska;Elsinoresa;Elsinoriana;Elsinorian;Elsinorian;Elsinorian;Elsinorian;Elsynoresa;�������������;Elsinorian;x
english;English;Anglaise;Englisch;Angielska;Inglesa;Inglese;Angol;Anglictina;Angol;Engels;Inglesa;����������;Englanti;x
epicrateian;Epicrateian;�picratienne;Epikrateisch;Epikratska;Epicracia;Epicrateia;Epikrat�sz;Epikratei�n;Epikrat�sz;Epicratiaans;Epicrateiana;�����������;Epikratealainen;x
eskaleut;Eskaleut;Eskal�oute;Eskimaleutisch;Eskaleucka;Escaleutiana;Eschimese;Eskaleut;Eskaleut;Eskaleut;Eskaleut;Escaleuta;��������������;Eskaleut;x
esmer;Esmer;Esmer;Esmer;Esmer;Esmer;Esmer;Esmer;Esmer;Esmer;Esmer;Esmer;�����;Esmer;x
etrurian;Etrurian;�trurienne;Etruskisch;Etruska;Etrusca;Etrusca;Etr�ri;Etrurian;Etr�ri;Etrurisch;Etrusca;���������;Etrurilainen;x
euro_mayan;Euro-Mayan;Euro-Mayan;Euro-Mayan;Euro-Mayan;Euro-Mayan;Euro-Mayan;Euro-Mayan;Euro-Mayan;Euro-Mayan;Euro-Mayan;Euro-Mayan;����-����;Euro-Mayan;x
euro_olmec;Euro-Olmec;Euro-Olmec;Euro-Olmec;Euro-Olmec;Euro-Olmec;Euro-Olmec;Euro-Olmec;Euro-Olmec;Euro-Olmec;Euro-Olmec;Euro-Olmec;����-�������;Euro-Olmec;x
euro_tol;Euro-Tol;Euro-Tol;Euro-Tol;Euro-Tol;Euro-Tol;Euro-Tol;Euro-Tol;Euro-Tol;Euro-Tol;Euro-Tol;Euro-Tol;����-���;Euro-Tol;x
euxinian;Euxinian;Euxinienne;Euxinisch;Euksi�ska;Euxinia;Eusiniana;Euxinian;Euxinian;Euxinian;Euxinian;Euxiniana;����������;Euxinian;x
falan;Falan;Falan;Falan;Falan;Falan;Falan;Falan;Falan;Falan;Falan;Falan;�����;Falan;x
falklander;Falklander;Malouinaise;Falkl�ndisch;Falklandzka;Malvinera;Falklandese;Falklander;Falklander;Falklander;Falklander;Malvinense;������������;Falklander;x
fasenian;Fasenian;Fasenian;Fasenian;Fasenian;Fasenian;Fasenian;Fasenian;Fasenian;Fasenian;Fasenian;Fasenian;���������;Fasenian;x
fekete;Fekete;Fekete;Fekete;Fekete;Fekete;Fekete;Fekete;Fekete;Fekete;Fekete;Fekete;������;Fekete;x
foederatus;Foederatus;F�d�r�e;F�deratisch;Fojderatska;Federada;Federazio;F�der�c;Federask�;F�der�c;Federatisch;Federal;�����������;Federaalainen;x
frankish;Frankish;Francique;Altfr�nkisch;Frankijska;Fr�ncica;Franco;Frank;Frankish;Frank;Frankische;Franca;���������;Frankkien;x
frencharab;Faransh;Fran�arabe;Frankrabisch;Frankarabska;Franc�rabe;Faransc�;Farans;Faransh;Farans;Faransh;Franc�rabe;�������������;Faransh;x
gadolite;Gadolite;Gadolite;Gadolitisch;Gadolitska;Gadolita;Gadolita;Gadolit;Gadolit;Gadolit;Gadoliet;Gadolita;����������;Gadoliitti;x
galatian;Helleno-Galatian;Hell�no-Galate;Helleno-Galaterisch;Helleno-Galacka;Heleno-G�lata;Elleno-Galato;Hell�n-Gal�ciai;Hel�nsko-galatsk�;Hell�n-Gal�ciai;Helleens-Galaten;Heleno-G�lata;������-���������;Helleno-Galatialainen;x
galatian_celtic;Galatian;Galate;Galaterisch;Galacka;G�lata;Galata;Galata;Galatski;Galata;Galaten;G�lata;���������;Galatian;x
galician;Galician;Galicienne;Galicisch;Galicyjska;Gallega;Gallese;Gal�ciai;Galicij�tina;Gal�ciai;Galicisch;Galega;�����������;Galician;x
garanian;Garanian;Garanienne;Garanisch;Gara�ska;Garane�a;Garanese;Garanian;Garanian;Garanian;Garanian;Garaniana;�����������;Garanian;x
garibaldine;Garibaldine;Garibaldine;Garibaldisch;Garibaldi�ska;Garibaldina;Garibaldina;Garibaldine;Garibaldine;Garibaldine;Garibaldine;Garibaldinha;��������������;Garibaldine;x
gaul;Gaul;Gaul;Gall;Gal;Gal;Gall;Gall;Gal;Gall;Gallisch;Gaul;���������;Gall;x
gaulish;Gaulish;Gauloise;Gallisch;Galijska;Gala;Gallica;Gall;Galski;Gall;Gallisch;Gaulesa;���������;Gallialainen;x
geheimnisdeutsch;Geheimnis-Deutsch;Gu�ha�mnisse-Do�tche;Geheimnisdeutsch;Gehajmnisdojcka;Guehaymnisdoyche;Gheaimnisdoic';Geheimnis-Deutsch;Geheimnis-Deutsch;Geheimnis-Deutsch;Geheimnis-Deutsch;Gueh�imnis-Doitche;�����������������;Geheimnis-Deutsch;x
german;Germanic;Germanique;Germanisch;Germa�ski;Germ�nico;Germanico;Germ�n;Germ�nski;Germ�n;Germaans;Germ�nica;��������;Germaaninen;x
getian;Getian;G�te;Getisch;Getska;Geta;Geta;Getian;Getian;Getian;Getian;Geta;�������;Getian;x
ghasettian;Ghasettian;Ghasettian;Ghasettian;Ghasettian;Ghasettian;Ghasettian;Ghasettian;Ghasettian;Ghasettian;Ghasettian;Ghasettian;���������;Ghasettian;x
gothic;Gothic;Gothique;Gotisch;Gotycka;Goda;Gotica;G�tikus;Goticki;G�tikus;Gotisch;G�tica;���������;Gotiikka;x
gothic_g;Gothic;Gothique;Gotisch;Gotycka;Goda;Gotica;G�tikus;Goticki;G�tikus;Gotisch;G�tica;���������;Gotiikka;x
grootdesseyn;Grootdesseyn;Grand'desseinoise;Gro�desseinisch;Chrotdesej�ska;Jrotdesse�a;Grotdessina;Grootdesseyn;Grootdesseyn;Grootdesseyn;Grootdesseyn;Gr�t-Dess�nha;���������������;Grootdesseyn;x
guillaumois;Gallo;Gallo;Gallo;Gallo;Gallo;Gallo;Gallo;Gallo;Gallo;Gallo;Gallo;Gallo;Gallo;x
guiscard;Guiscard;Guiscarde;Guiskardisch;Guiscardska;Guiscarda;Guiscarda;Guiscard;Guiscard;Guiscard;Guiscard;Guiscarda;�����������;Guiscard;x
guldfjallling;Guldfjallling;Gouldfyallingue;Guldfjallling;Guldfjallling;Guldfyallingue;Guldfiallinga;Guldfjallling;Guldfjallling;Guldfjallling;Guldfjallling;Guldafyal�nga;��������������;Guldfjallling;x
guney;G�ney;G�ney;G�ney;Gynej;G�ney;G�ney;G�ney;G�ney;G�ney;G�ney;G�ney;�����;G�ney;x
guyanese;Guyanese;Guyanaise;Guyanisch;Guja�ska;Guyanesa;Guianase;Guyanai;Guyansk�;Guyanai;Guyanees;Guyanesa;���������;Guyanalainen;x
gypsy;Romani (Gypsy);Romanie (Boh�mienne);Roma (Zigeunerisch);Cyga�ska;Roman� (Gitana);Gitano (Zingaro);Roma (Cig�ny);Romani (Cik�n�t�);Roma (Cig�ny);Romani (Zigeuner);Romani (Cigana);���������;Romani (Gypsy);x
harari;Harari;Hararie;Aderi;Harari;Harari;Harari;Harari;Harari;Harari;Harari;Harari;������;Harari;x
harpeian;Harpeian;Harp�ienne;Harpeisch;Harpejska;Arpe�a;Arpeiana;Harpeian;Harpeian;Harpeian;Harpeian;Harpeiana;����������;Harpeian;x
hedgehog_culture;Hedgehog;H�risson;Igel;Je�ynowa;Erizo;Riccio;Je�ek;S�ndiszn�;Egel;Ouri�o;Ouri�o;��;Siili;x
heiren;Heiren;Heiren;Heiren;Heiren;Heiren;Heiren;Heiren;Heiren;Heiren;Heiren;Heiren;�������;Heiren;x
hilterian;Hilterian;Hilt�rienne;Hilterisch;Hilterska;Hilteriana;Hilteriana;Hilterian;Hilterian;Hilterian;Hilterian;Hilteriana;�����������;Hilterian;x
hindustani_proper;Hindustani;Hindoustani;Hindustani;Hindustanski;Indost�nico;Hindustani;Hinduszt�ni;Hindust�nsk�;Hinduszt�ni;Hindoestaans;Hindustani;Khindustani;Hindustani;x
hittite;Hittite;Hittite;Hethitisch;Hetycka;Hitita;Ittita;Hettita;Hittite;Hettita;Hettitisch;Hitita;��������;Heettil�iset;x
hittite_american;Anniniyami;Anniniyami;Anniniyami;Anninijami;Anniniyami;Anniniyami;Anniniyami;Anniniyami;Anniniyami;Anniniyami;Anniniyami;���������;Anniniyami;x
hittite_australian;Kattanda;Kattanda;Kattanda;Kattanda;Kattanda;Kattanda;Kattanda;Kattanda;Kattanda;Kattanda;Cattanda;��������;Kattanda;x
hittite_g;Hittite;Hittite;Hethitisch;Hetycka;Hitita;Ittita;Hettita;Hittite;Hettita;Hettitisch;Hitita;��������;Heettil�iset;x
hjartnaaeter;Hjartna�ter;Hyartna�teuse;Hjartna�ter;Hjartnaeterska;Yartna�tera;Hiartnaetera;Hjartna�ter;Hjartna�ter;Hjartna�ter;Hjartna�ter;Hyartan�ta;�������������;Hjartna�ter;x
hnedy;Hn�di;Hny�die;Hnjedi;Chnedska;�ed�;Hn�di;Hn�di;Hn�di;Hn�di;Hn�di;Hnh�d�;������;Hn�di;x
holmgardr;Holmgardrian;Holmgardoise;Holmg�rtnerisch;Holmgardska;Holmogardesa;Olmogardese;Holmgardrian;Holmgardrian;Holmgardrian;Holmgardrian;Holmgardiana;������������;Holmgardrian;x
hopeajokan;Hopeajokan;Hop�a�oquienne;Hopeajokisch;Hopeajokska;Hopeayocana;Opeagiocana;Hopeajokan;Hopeajokan;Hopeajokan;Hopeajokan;Hopeayoqu�;������������;Hopeajokan;x
horse;Equine;Jument;Pferd;Ko�ska;Yegua;Equino;L�;Kon�;L�;Paarden;�gua;���������;Hevos-;x
hulwud;Hulwud;Houlvoude;Hulwuder;Chulwudska;Hulwud;Hulwud;Hulwud;Hulwud;Hulwud;Hulwud;Hulwud;������;Hulwud;x
hunsrik;Hunsrik;Hounsriquoise;Hunsr�ckisch;Hunsrik;Hunsriqueana;Hunsrichiana;Hunsrik;Hunsrik;Hunsrik;Hunsrik;Hunsriqueana;�����������;Hunsrik;x
hvitrduptling;Hv�trduptling;Vitredouptelingue;Witrduptling;Chwitrduptlingska;Vitraduplingue;Vitrduptlinga;Hv�trduptling;Hv�trdrupling;Hv�trduptling;Hv�trduptling;Vitradupalinga;�����������������;Hv�trduptling;x
ifriqi;Ifriqi;Ifriqui;Ifriqi;Ifrikska;Ifriqi;Ifrichi;Ifriqi;Ifriqi;Ifriqi;Ifriqi;Ifriqi;������;Ifriqi;x
illyrian;Illyrian;Illyrienne;Illyrisch;Iliryjska;Iliria;Illirico;Illyrian;Illyrian;Illyrian;Illyrian;Il�ria;�����������;Illyrian;x
incacunapic;Incacunapic;Incacounapique;Inkakunapisch;Inkakunapska;Incacunapica;Incacunapica;Incacunapic;Incacunapic;Incacunapic;Incacunapisch;Incacunapiga;���������������;Incacunapic;x
indo_germanic;Indo-Germanic;Indo-Germanic;Indo-Germanic;Indo-Germanic;Indo-Germanic;Indo-Germanic;Indo-Germanic;Indo-Germanic;Indo-Germanic;Indo-Germanic;Indo-Germanic;����-����������;Indo-Germanic;x
indo_parthian;Indo-Parthian;Indo-Parthian;Indo-Parthian;Indo-Parthian;Indo-Parthian;Indo-Parthian;Indo-Parthian;Indo-Parthian;Indo-Parthian;Indo-Parthian;Indo-Parthian;����-����������;Indo-Parthian;x
indo_scythian;Indo-Scythian;Indo-Scythian;Indo-Scythian;Indo-Scythian;Indo-Scythian;Indo-Scythian;Indo-Scythian;Indo-Scythian;Indo-Scythian;Indo-Scythian;Indo-Scythian;����-��������;Indo-Scythian;x
inythmum;Inythmum;Inythmum;Inythmum;Inythmum;Inythmum;Inythmum;Inythmum;Inythmum;Inythmum;Initmum;Inythmum;�������;Inythmum;x
iroquoian;Iroquoian;Iroquoienne;Irokesisch;Irokia�ska;Iroquesa;Irochese;Iroquoian;Irokoje;Iroquoian;Iroquoian;Iroquesa;����������;Iroquoian;x
israeli;Israeli;Isra�lienne;Israeli;Izraelska;Israel�;Israelita;Izraeli;Izraelski;Izraeli;Isra�lisch;Israelense;�����������;Israelilainen;x
italoamericano;Italo-Americano;Italoam�ricaine;Italoamerikanisch;W�ochoameryka�ska;Italoamericana;Italo-Americano;Italo-Americano;Italo-Americano;Italo-Americano;Italo-Americano;Italoamericana;��������������;Italo-Americano;x
itsekari;Itsekari;Itsekiri;Itsekiri;Itsekiri;Itsekiri;Itsekari;Itsekari;Itsekari;Itsekari;Itsekari;Itsekari;��������;Itsekari;x
janalem;Janalem;Djanalem;Dschanalem;D�analem;Yanalem;Gianal�;Janalem;Janalem;Janalem;Janalem;Janalem;��������;Janalem;x
janub;Janub;Djanub;Dschanub;D�anub;Yanub;Gianub;Janub;Janub;Janub;Janub;Janub;������;Janub;x
janubii;Janubii;Djanub�;Dschanubii;D�anubii;Yanubii;Gianubi;Janubii;Janubii;Janubii;Janubii;Janubii;��������;Janubii;x
je;J�;J�e;Ge;Ge;Ye;G�;Je;J�;Je;Je;J�;��;Je;x
jerusalemer;Jerusalemer;Jerusalemer;Jerusalemer;Jerusalemer;Jerusalemer;Jerusalemer;Jerusalemer;Jerusalemer;Jerusalemer;Jerusalemer;Jerusalemer;Jerusalemer;Jerusalemer;x
jewish_group;Jewish;Juif;J�disch;�ydowska;Jud�o;Giudaico;Zsid�;�idovski;Zsid�;Joods;Judaico;���������;Juutalainen;x
jizni;Ji�n�;Yijnie;Jischni;Ji�nyska;Yin�;Ji�n�;Ji�n�;Ji�n�;Ji�n�;Ji�n�;Ijen�;������;Ji�n�;x
juodaodis;Juodaodis;Youodaodisse;Juodaodis;Juodaodis;Yuodaodis;Juodaodis;Juodaodis;Juodaodis;Juodaodis;Juodaodis;Guodaodi�a;��������;Juodaodis;x
juzhno;Zervian;;;;;;;;;;;;;x
kaala;Kaala;Kaala;Kaala;Kaala;Kaala;Caala;Kaala;Kaala;Kaala;Kaala;Kaala;�����;Kaala;x
kaifeng;Kaifeng;Ka�feng;Kaifeng;Kaifeng;Kaifeng;Kaifeng;Kaifeng;Kaifeng;Kaifeng;Kaifeng;Kaifeng;������;Kaifeng;x
karthazian;Karthazian;Karthazian;Karthazian;Karthazian;Karthazian;Karthazian;Karthazian;Karthazian;Karthazian;Karthazian;Karthazian;������������;Karthazian;x
kefficho;Kefficho;Kefficho;Kefficho;Kefficho;Kefficho;Kefficho;Kefficho;Kefficho;Kefficho;Kefficho;Kefficho;�������;Kefficho;x
kepejokian;Kepejokian;K�p�yoquienne;Kepejokisch;Kepejokska;Kepeyoquia;Chepegiochiana;Kepejokian;Kepejokian;Kepejokian;Kepejokian;Quep�yoquia;�����������;Kepejokian;x
kholodnovoynsky;Kholodnovoynsky;Kholodnovo�nsoise;Cholodnowojnski;Cholodnovoj�ska;Jolodnovoynesa;Colodnovoinsca;Kholodnovoynsky;Kholodnovoynsky;Kholodnovoynsky;Kholodnovoynsky;Kholodnovoinesa;���������������;Kholodnovoynsky;x
kleinvenedig;Kleinvenedic;Kla�nv�nitienne;Kleinvenezianisch;Klajnwenecka;Klaynveneciana;Clainveneziana;Kleinvenetian;Kleinvenetian;Kleinvenetian;Kleinvenetian;Cl�invenedense;�����������������;Kleinvenetian;x
knaanic;Knaanic;Knaanique;Knaanisch;Knaa�ska;Knaan�;Cnaanico;Knaanic;Knaanic;Knaanic;Knaanic;Cana�;�����������;Knaanic;x
kuba;Kuba;Kuba;Kuba;Kuba;Kuba;Kuba;Kuba;Kuba;Kuba;Kuba;Cuba;����;Kuba;x
kujaanan;Kujaanan;Kuyanaise;Kujaanisch;Kujaa�ska;Kuyan�;Cuianana;Kujaanan;Kujaanan;Kujaanan;Kujaanan;Cuy�n�;����������;Kujaanan;x
kulfoldi;Kulfoldi;Kulfoldi;Kulfoldi;Kulfoldi;Kulfoldi;Kulfoldi;Kulfoldi;Kulfoldi;Kulfoldi;Kulfoldi;Kulfoldi;Kulfoldi;Kulfoldi;x
laaz;Laaz;Laaz;Laaz;Laaz;Laaz;Laaz;Laaz;Laaz;Laaz;Laaz;Laaz;����;Laaz;x
lacanite;Lacanite;Lacanite;Lacanitisch;Lacanitska;Lacanita;Lacanita;Lakanit;Lacanit;Lakanit;Lacaniet;Lacanita;�����������;Lakaniitti;x
laessin;L��in;Lessine;L��inisch;Lessi�ska;Lessina;L��ino;L��in;L��in;L��in;L��in;L��ina;����������;L��in;x
lanistian;Lanistian;Lanistian;Lanistian;Lanistian;Lanistian;Lanistian;Lanistian;Lanistian;Lanistian;Lanistian;Lanistian;���������;Lanistian;x
latin;Latin;Latine;Lateinisch;�aci�ska;Latina;Latino;Latin;Latinski;Latin;Latijns;Latina;���������;Latina;x
lemnian;Lemnian;Lemnienne;Lemnisch;Lemnijska;Lemnia;Lemnia;Lemnian;Lemnian;Lemnian;Lemnian;L�mnia;����������;Lemnian;x
lepontic;Lepontic;L�pontique;Lepontisch;Lepontyjska;Lep�ntica;Lepontina;Lepontikus;Lepontic;Lepontikus;Lepontisch;Lep�ntica;������������;Lepontinen;x
liphocaneth;Liphocaneth;Liphocaneth;Liphocaneth;Liphocaneth;Liphocaneth;Liphocaneth;Liphocaneth;Lipokaneth;Liphocaneth;Liphocaneth;Lipocaneth;���������;Liphocaneth;x
lombard;Lombard;Lombarde;Langobardisch;Longobardzka;Lombarda;Longobardo;Lombardiai;Lombard;Lombardiai;Lombard;Longobarda;�������������;Lombard;x
lounast;Lounast;Leuounaste;L�unasch;Leunastka;Leunast;Lounast;Lunasto;Lounast;Lounast;Lounast;Le�n�;˸�����;Lounast;x
lumenoua;Lumenoua;Lumenoua;Lumenoua;Lumenoua;Lumenoua;Lumenoua;Lumenoua;Lumenoua;Lumenoua;Lumenoua;Lumenoua;��������;Lumenoua;x
lusitanian;Lusitanian;Lusitaine;Lusitanisch;Luzyta�ska;Lusitana;Lusitana;Luzit�n;Lusitanian;Luzit�n;Lusitaans;Lusitana;�����������;Lusitanilainen;x
luwian;Luwian;Louvite;Luwisch;Luwijska;Luvita;Luvia;Luwian;Luwian;Luwian;Luwian;Luvita;���������;Luwian;x
lydian;Lydian;Lydienne;Lydisch;Lidyjska;Lidia;Lidia;Lydian;Lydian;Lydian;Lydian;L�dia;���������;Lydian;x
macedonian;Macedonian;Mac�donienne;Mazedonisch;Macedo�ska;Macedonia;Macedone;Maced�niai;Makedon�tina;Maced�niai;Macedonisch;Maced�nia;�����������;Makedonia;x
maghreb_arabic;Salinatorian;Salinatorienne;Salinatorisch;Salinatoria�ska;Salinatoria;Salinatoria;Szalonk�pes;Salinatorian;Szalonk�pes;Salinatorian;Salinatoriana;���������������;Salinatorian;x
magnagreek;Magna-Greek;Magna-Grecque;Gro�griechisch;Wielkogrecka;Magna-Griega;Magna-Greca;Magna-G�r�g;Magna-�e�tina;Magna-G�r�g;Magna-Grieks;Magna-Grega;���������������;Magna-kreikkalainen;x
magogic;Magogic;Magoguique;Magogisch;Magogska;Magogica;Magogico;Magogic;Magogic;Magogic;Magogisch;Magogiga;���������;Magogic;x
maraivoan;Maraivoan;Mara�vo�nne;Maraivoisch;Maraivoska;Maraiv�;Maraivoana;Maraivoan;Maraivoan;Maraivoan;Maraivoan;Maraivo�;�����������;Maraivoan;x
maranon;Mara��n;Maragnonoise;Maranjonerisch;Maranjo�ska;Mara�ona;Maragnone;Mara��n;Maranone;Mara��n;Mara��n;Maranhanense;������������;Mara��n;x
mauritsstadtian;Mauritsstadtian;Mauritsstadoise;Mauritzst�dtisch;Mauritsstadtska;Mauritsstadesa;Moritzstatina;Mauritsstadtian;Mauritsstadtian;Mauritsstadtian;Mauritsstadtian;Cidademauriciana;���������������;Mauritsstadtian;x
mavro;Mavro;Maffroise;Mavro;Mavroska;Mavro;Mavro;Mavro;Mavro;Mavro;Mavro;Maffroense;�����;Mavro;x
maximilianish;Maximilianish;Maximiliennoise;Maximilianisch;Maksymilia�ska;Maximilianesa;Massimilianese;Maximilianish;Maximili�nsk�;Maximilianish;Maximilianish;Maximilianesa;���������������;Maximilianish;x
meashighcaw;Meashighcaw;Micha�c�;Mieschajko;Miszajkowska;Meashighcaw;Misciaic�;M�sajka;M�ajka;M�sajka;Misja�ka;Mixaic�;���������;Mi�aika;x
meksikan;Meksikan;M�quesicaine;Meksikanisch;Meksika�ska;Meksicana;Megsicana;Meksikan;Meksikan;Meksikan;Meksikan;M�quesic�;�������������;Meksikan;x
mesican;Mesican;M�sicaine;Mesikanisch;Mesyka�ska;Mesicana;Mesichese;Mesik�n;Mesican;Mesik�n;Mesican;Mesicana;�����������;Mesikaani;x
misrayim;Misrayim;Misrayim;Misrayim;Misrayim;Misrayim;Mizraglim;Misrayim;Misrayim;Misrayim;Misrayim;Misrayim;�������;Misrayim;x
mizrahi;Mizrahi;Mizrahi;Mizrahi;Mizrahi;Mizrahi;Mizraita;Mizrahi;Mizrahi;Mizrahi;Mizrahi;Mizrahi;�������;Mizrahi;x
mlachthi;Mlachthi;Mlachthi;Mlachthi;Mlachthi;Mlachthi;Mlachthi;Mlachthi;Mlachthi;Mlachthi;Mlachthi;Mlachthi;������;Mlachthi;x
morado;Morado;Morade;Morado;Moradska;Morada;Morado;Morado;Morado;Morado;Morado;Morada;������;Morado;x
morlach;Morlach;Morlacque;Maurowalachisch;Morlach;Morlaca;Morlacca;Morlach;Morlach;Morlach;Morlach;Morlaca;����������;Morlach;x
muskogean;Muskogean;Creek;Muskogee;Krik;Creek;Muskogeano;Muskogean;Muskogean;Muskogean;Muskogean;Muscogee;����;Muskogean;x
mustvalge;Mustvalge;Moustvalqu�e;Mustvalkeisch;Mustvalkska;Mustvalque;Mustvalge;Musvalghe;Mustvalge;Mustvalge;Mustvalge;Mustavalque;�������������;Mustvalge;x
mutnian;Mutnian;Mutnian;Mutnian;Mutnian;Mutnian;Mutnian;Mutnian;Mutnian;Mutnian;Mutnian;Mutnian;�������;Mutnian;x
mysehi;Mysehi;Mysehi;Mysehi;Mysehi;Mysehi;Mysehi;Mysehi;Mysehi;Mysehi;Mysehi;Mysehi;������;Mysehi;x
na_dene;Na Dene;Na-D�n�;Na-Den�;Na-Dene;Na-Den�;Na Den�;Na Dene;Na Dene;Na Dene;Na Dene;Na-Dene;��-����;Na Dene;x
naiyeren;Naiyeren;Naiyeren;Naiyeren;Naiyeren;Naiyeren;Naiyeren;Naiyeren;Naiyeren;Naiyeren;Naiyeren;Naiyeren;�������-���������;Naiyeren;x 
nanren;Nanren;Nanren;Nanren;Nanren;Nanren;Nanren;Nanren;Nanren;Nanren;Nanren;Nanren;��������;Nanren;x
native_carribean;Native Carribean;Cara�bique;Karibisch;Karaibska;Caribe�o;Caraibico;Karib;Carribean;Karib;Carribean;Caribenho;���������;Karibian;x
native_central_american;Native Central American;Centram�ricain;Zentralamerikanisch;�rodkowoameryka�ska;Centroamericano;Nativo centroamericano;Anyanyelvi k�z�p-amerikai;Rodili Ameri�an;Anyanyelvi k�z�p-amerikai;Inheems van Centraal-Amerika;Centro-Americano;����������������������;Native Keski-Amerikan;x
native_north_american;Native North American;Nord-Am�ricain;Nordamerikanisch;P�nocnoameryka�ska;Norteamericano;Nativo nordamericano;Anyanyelvi �szak-amerikai;Rodili Severoamericki;Anyanyelvi �szak-amerikai;Inheems van Noord-Amerika;Norte-Americano;������������������;Native Pohjois-Amerikka;x
native_south_american;Native South American;Sud-Am�ricain;S�damerikanisch;Po�udniowoameryka�ska;Sudamericano;Nativo sudamericano;Anyanyelvi d�l-amerikai;Native Ji�n� Ameriky;Anyanyelvi d�l-amerikai;Inheems van Zuid-Amerika;Sul-Americano;����������������;Native etel�amerikkalainen;x
nayeduniya;Nayeduniya;Na��douniya;Najedunija;Najedunija;Nayeduniya;Naiedunia;Nayeduniya;Nayeduniya;Nayeduniya;Nayeduniya;Nayeduniya;��������;Nayeduniya;x
negru;Lau;Leoue;Lau;Lau;Lau;Negru;Negru;Negru;Negru;Negru;L�u;���;Negru;x
nehwaustronijaz;Nehwaustronijaz;Neouaustr�nienne;Neuaustronisch;Nevaustronijazka;Neguaustroniyaza;Nehwaustronijaz;Nehwaustronijaz;Nehwaustronijaz;Nehwaustronijaz;Nehwaustronijaz;Neguaustr�nha�a;������������������;Nehwaustronijaz;x
nemedian;Nemedian;Nemedian;Nemedian;Nemedian;Nemedian;Nemedian;Nemedian;Nemedian;Nemedian;Nemedian;Nemedian;������������;Nemedian;x
neo_mitanni;Neo-Mitanni;Neo-Mitanni;Neo-Mitanni;Neo-Mitanni;Neo-Mitanni;Neo-Mitanni;Neo-Mitanni;Neo-Mitanni;Neo-Mitanni;Neo-Mitanni;Neo-Mitanni;����������;Neo-Mitanni;x
neokosmi;Neokosmi;N�ocosmie;Neokosmi;Neokosmijska;Neokosmi;Neokosmi;Neokosmi;Neokosmi;Neokosmi;Neokosmi;Neokosmi;��������;Neokosmi;x
neotyrrhenian;Neo-Tyrrhenian;N�o-Tyrrh�nienne;Neutyrrhenisch;Neotyrre�ska;Neotirrena;Neo-Tirrena;�j-tirr�n;Neo-Tyrrhenian;�j-tirr�n;Neo-Tyrreense;Neo-Tirrena;��������������;Uus Tyrrhenian;x
nerian;Nerian;Nerian;Nerian;Nerian;Nerian;Nerian;Nerian;Nerian;Nerian;Nerian;Nerian;������;Nerian;x
neteotoquiliztlitekatl;Neteotoquiliztlitekatl;Neteotoquiliztlitekatl;Neteotoquiliztlitekatl;Neteotoquiliztlitekatl;Neteotoquiliztlitekatl;Neteotoquiliztlitekatl;Neteotoquiliztlitekatl;Neteotoquiliztlitekatl;Neteotoquiliztlitekatl;Neteotoquiliztlitekatl;Neteotoquiliztlitekatl;Neteotoquiliztlitekatl;Neteotoquiliztlitekatl;x
newswiss;Neoswiss;N�osuisse;Neuschweizerisch;Neoszwajcarska;Neosuiza;Neosvizzera;Neoswiss;Neoswiss;Neoswiss;Neoswiss;Neo-Su��a;���������������;Neoswiss;x
nieuwereld;Nieuwereld;Niouviralte;Neuwelterisch;Niuwiroltska;Nyuvirolte;Nieuwereld;Nieuwereld;Nieuwereld;Nieuwereld;Nieuwereld;Niuv�rolte;��������������;Nieuwereld;x
non_human;Non-Human;Animal;Tierisch;Zwierz�;Animal;Non umano;Nem emberi;Non-Human;Nem emberi;Niet menselijk;Animal;��������;Ei ihminen;x
noric;Noric;Norique;Norisch;Norikska;N�rica;Norica;Noric;Noric;Noric;Noric;N�rica;���������;Noric;x
notios;Notios;Notios;Notios;Notios;Notios;Notios;Notios;Notios;Notios;Notios;Notios;������;Notios;x
nouvellien;Nouvellien;Nouvellienne;Nouvellien;Nuvelje�ska;Nuvellena;Nouvellien;Nouvellien;Nouvellien;Nouvellien;Nouvellien;Nouvellien;������������;Nouvellien;x
nova_scotian;Nova Scotian;N�o�cossaise;Neuschottisch;Neoszkocka;Neoescocesa;Neoscozzese;�j-sk�t;Novo-skotsk�;�j-sk�t;Nova Scotian;Neo-Escocesa;���������������;Nova Scotian;x
novisvet;Novisvet;Novisv�toise;Nowiswet;Novisvetovska;Novisvet;Novisvet;Novisvet;Novisvet;Novisvet;Novisvet;Novisvet;������������;Novisvet;x
novvymir;Novvymir;Novvymiroise;Nowymir;Novvymirska;Novvymir;Novvymir;Novvymir;Novvymir;Novvymir;Novvymir;Novvimir;�����������;Novvymir;x
novysvet;Novisv�t;Novysv�taise;Nowiswjet;Novisv?tska;Novisv�t;Novisv�t;Novisv�t;Novisv�t;Novisv�t;Novisv�t;Novisv�t;�������������;Novisv�t;x
nowyswiat;Nowyswiat;Nowychfiatoise;Nowyschwiat;Nowy�wiatska;Nowyswiat;Nowyswiat;Nowyswiat;Nowy�wiat;Nowyswiat;Nowyswiat;Nowyswiat;������������;Nowyswiat;x
nuragic;Nuragic;Nuragique;Nuragherisch;Nurag;Nur�gica;Nuragico;Nuragic;Nuragic;Nuragic;Nuraghische;Nur�guica;�����������;Nuragic;x
nyasverigian;Nyasverigian;Nuasv�rienne;Neuschwedisch;Nyaswerjejska;Niasveria;Niasverigia;Nyasverigian;Nyasverigian;Nyasverigian;Nyasverigian;Niuasv�ri�;���������������;Nyasverigian;x
occitan;Occitan;Occitaine;Okzitanisch;Oksyta�ska;Occitana;Occitano;Okszit�n;Occitan;Okszit�n;Occitaans;Occitana;�����������;Oksitaani;x
olovian;Olovian;Olovian;Olovian;Olovian;Olovian;Olovian;Olovian;Olovian;Olovian;Olovian;Olovian;�������;Olovian;x
olbian;Olbian;Olbien;Olbisch;Olbiana;Olbiano;Olbian;Olbian;Olbian;Olbian;Olbian;Olbiano;����������;Olbian;x
old_burgundian;Old Burgundian;Vieux Bourguignon;Altburgundisch;Stary Burgund;Viejo Borgo��n;Old Burgundian;Old Burgundian;Old Burgundian;Old Burgundian;Old Burgundian;Velho Borgonha;������ �����������;Old Burgundian;x
old_italian;Italic;Vieux-Italien;Altitalienisch;Starow�oska;Antiguo-Italiano;Italica;D�lt;Kurz�va;D�lt;Cursief;Italiano Antigo;����������������;Kursiivi;x
old_italian_african;Camelic;Cam�lique;Kamelisch;Kamelijska;Cam�lica;Camelica;Teve;Velbloud�;Teve;Camelisch;Cam�lica;�����������;Kameli;x
old_italian_american;Pelignian;P�lignienne;Pelignisch;Pelignijska;Peli�a;Peligniana;Pelignian;Pelignian;Pelignian;Pelignian;Peligniana;������������;Pelignian;x
old_italian_australian;Orconian;Orconienne;Orkonisch;Orko�ska;Orconiana;Orconiana;Orconian;Orconian;Orconian;Orconian;Orconiana;���������;Orconian;x
old_ligurian;Ligurian;Ligure;Ligurisch;Liguryjska;Ligur;Ligure;Liguriai;Ligurian;Liguriai;Ligurisch;L�gure;���������;Ligurialainen;x
oldpommeranian;Pomeranian;Pom�ranienne;Pomoranisch;Pomorska;Pomerania;Pomerane;Pomeraniai;Pomorske;Pomeraniai;Pommeren;Pomer�nia;���������;Pommerilainen;X
oldspain;Iberian;Ib�rique;Iberisch;Iberyjska;Ib�rica;Iberico;ib�riai;ibersk�;ib�riai;Iberisch;Ibera;����������;Iberian;x
oltremare;Oltremare;Oltremare;Oltremare;Oltremare;Oltremare;Oltremare;Oltremare;Oltremare;Oltremare;Oltremare;Oltremare;Oltremare;Oltremare;x
ontustik;Ontustik;Ogntustique;Onjt�stik;O�tystikska;O�tustik;Ogntiustica;Ontustik;Ontustik;Ontustik;Ontustik;Onhtiustica;���������;Ontustik;x
ostrogothic;Ostrogothic;Ostrogothe;Ostgotisch;Ostrogotycka;Ostrogoda;Ostrogoto;Osztrog�t;Ostrog�t�tina;Osztrog�t;Ostrogotische;Ostrogoda;������������;Ostrogothic;x
outremer;d'Outremer;Outremeroise;Obderseel�ndisch;Utrmerska;Allendelmarina;Crociato;Keresztes;K�i��k;Keresztes;Utrem�ra;Cruzado;����������;Ristiretkel�inen;x
overnissian;Overnissian;Outren�issienne;Obdernei�erisch;Zanyska;Allendelneissiana;Oltranissiana;Overnissian;Overnissian;Overnissian;Overnissian;Transneissiana;���������;Overnissian;x
palmyrene;Palmyrene;Palmyrene;Palmyrisch;Palmyrene;Palmyrene;Palmyrene;Palmyrene;Palmyrene;Palmyrene;Palmyrene;Palmyrene;пальмирена;Palmyrene;x
pecheneg;Pecheneg;Petch�n�gue;Petschenegisch;Pieczy�ska;Pechenega;Pecenega;Pecheneg;Pecheneg;Pecheneg;Pecheneg;Pechenegue;�����������;Pecheneg;x
penutian;Penutian;P�nutienne;Penutisch;Penutia�ska;Penut�;Penuziano;Peneut Nyelv;Penutian;Peneut Nyelv;Penutian;Penutiana;�����������;Penutian;x
phianam;Phianam;Phianam;Phianam;Phianam;Phianam;Phianam;Phianam;Phianam;Phianam;Phianam;Phianam;������;Phianam;x
phoenician;Phoenician;Ph�nicienne;Ph�nizisch;Fenicka;Fenicia;Fenicia;f�n�ciai;f�nicki;f�n�ciai;Fenicisch;Fen�cia;�����������;Foinikialainen;x
phrygian;Phrygian;Phrygienne;Phrygisch;Frygijska;Frigia;Frigia;Fr�giai;Phrygian;Fr�giai;Frygisch;Fr�gia;����������;Phrygian;x
picard;Picard;Picarde;Picardisch;Pikardyjska;Picarda;Piccardo;Picard;Picard;Picard;Picard;Picarda;����������;Picard;x
pictish;Pictish;Picte;Piktisch;Piktyjska;Picta;Pitto;Pictish;Pictish;Pictish;Pictish;Picta;��������;Piktil�inen;x
pie_african;Lurbeltzian;Lurbeltzane;Lurbeltzisch;Lurbeltzska;Lurbeltzana;Bhleg;Bhleg;Bhleg;Bhleg;Bhleg;Lurbeltz�;��������������;Bhleg;x
pie_american;Munduberrian;Moundouberrienne;Munduberrisch;Munduberrijska;Munduberriana;Newehti;Newehti;Newehti;Newehti;Newehti;Munduberriana;���������������;Newehti;x
pie_oceanian;Hondaritsasoan;Hondaritsas�;Hondaritsasoisch;Hondaritsasoa�ska;Hondaritsasoana;Hondaritsasoana;Hondaritsasoan;Hondaritsasoan;Hondaritsasoan;Hondaritsasoan;Hondaritsaso�;������������������;Hondaritsasoan;x
plains_algonquian;Plains Algonquian;Algonquienne des Plaines;Ebenenalgonkinisch;R�wnoalgonki�ska;Algonquina Llanera;Algonchino delle Piane;Alf�ld Algonquian;Plains Algonquian;Alf�ld Algonquian;Vlaktes Algonquian;Algonquiana das Plan�cias;��������������������;Plains Algonquian;x
plashurii;Plashurii;Plashurii;Plashurii;Plashurii;Plashurii;Plashurii;Plashurii;Plashurii;Plashurii;Plashurii;Plashurii;��������;Plashurii;x
pmpese;Pmpese;Pmpoise;P�mpisch;Pympska;Pumpesa;Pmpesa;Pmpese;Pmpese;Pmpese;Pmpese;Pmpesa;��������;Pmpese;x
poludniowy;Poludniowy;Povoudgnovie;Powudnjowi;Po�udniowa;Poud�ov�;Poludniowy;Poludniowy;Po�udniowy;Poludniowy;Poludniowy;Povudnhovi;�����������;Poludniowy;x
pre_indo_european;Chalcolithic;Chalcolithique;Chalcolitisch;Chalkolitska;Calcol�tico;Pre-indoeuropeo;Indoeur�pa elotti;Preindoevropsk�;Indoeur�pa elotti;Pre-Indo-Europees;Calcol�tico;�����������;Pre-indoeurooppalainen;x
prettanian;Prettanian;Prettanique;Prettanisch;Prettyjska;Prett�nica;Prettaniana;Prettanian;Prettanian;Prettanian;Prettanian;Pret�nica;����������;Prettanian;x
pruthenian;Pruthenian;Prussienne;Altpreu�isch;Pruska;Prusiana;Prutena;Pruthenianus;Pruthenian;Pruthenianus;Prutheens;Prussiana;��������;Pruthenian;x
punic;Punic;Punique;Punisch;Punicka;P�nico;Punica;Pun;Punic;Pun;Punisch;P�nico;����������;Punic;x
punic_american;Hannibalesque;Am�ricaine Punique;Punisch-Amerikanisch;Punicka Ameryka�ska;P�nica Americana;Annibalesca;Hannibalesque;Hannibalesque;Hannibalesque;Hannibalesque;P�nica Americana;���������� ������������;Hannibalesque;x
punic_australian;Hamilcarian;Australienne Punique;Punisch-Australianisch;Punicka Australijska;P�nica Australiana;Amilcariana;Hamilcarian;Hamilcarian;Hamilcarian;Hamilcarian;P�nica Australiana;���������� �������������;Hamilcarian;x
pyu;Pyu;Pyu;Pyu;Pyu;Pyu;Pyu;Pyu;Pyu;Pyu;Pyu;Pyu;���;Pyu;x
qalindigi;Qalindigi;Qalindigi;Qalindigi;Kalindigi;Qalindigi;Calindigo;Qalindigi;Qalindigi;Qalindigi;Qalindigi;Qalindigi;���������;Qalindigi;x
qutumi;Qutumi;Qutumi;Qutumi;Qutumi;Qutumi;Qutumi;Qutumi;Qutumi;Qutumi;Qutumi;Qutumi;������;Qutumi;x
raudhskogarling;Rau�sk�garling;Raoudescogarlingue;Raudskogarling;Raudskogarlingska;Rau�sk�garling;Raudscogarlinga;Rau�sk�garling;Rau�sk�garling;Rau�sk�garling;Rau�sk�garling;Raudescogarlinga;������������������;Rau�sk�garling;x
redwoodian;Redwoodian;R�doudienne;Redwudisch;Redwudska;Redudia;Redudiana;Redwoodian;Redwoodian;Redwoodian;Redwoodian;Redudi�;������������;Redwoodian;x
rhaetian;Rhaetian;Rh�te;Rh�tisch;Retykska;R�tica;Retica;Rhaetian;Rhaetian;Rhaetian;Rh�tisch;R�ci�;�������;Rhaetian;x
rollonian;Rollonian;Rollonienne;Rollonisch;Rolfska;Rollonesa;Rolloniana;Rollonian;Rollonian;Rollonian;Rollonian;Rolanesa;����������;Rollonian;x
romanoindian;Indo-Roman;Indo-Romain;Indoromanisch;Indo-Rzymski;Indo-Romana;Indo-Roman;Indo-Roman;Indo-Roman;Indo-Roman;Indo-Roman;Indo-Romano;����-�������;Indo-Roman;x
romantic;Romantic;Romantique;Romantisch;Romantyczna;Rom�ntico;Romantico;Romantikus;Romanticki;Romantikus;Romantisch;Rom�ntico;�����������;Romanttinen;x
saahi;Saahi;Saahi;Saahi;Saahi;Saahi;Saahi;Saahi;Saahi;Saahi;Saahi;Saahi;�����;Saahi;x
sabellian;Sabellian;Sabellique;Sabellisch;Sabellijska;Sab�lica;Sabellica;Sabellian;Sabellian;Sabellian;Sabellian;Sab�lica;����������;Sabellian;x
salislahtian;Salislahtian;Salislatienne;Salislahtisch;Salislahtska;Salislacia;Salislaziana;Salislahtian;Salislahtian;Salislahtian;Salislahtian;Salislatiana;������������;Salislahtian;x
sarmatian;Sarmatian;Sarmate;Sarmatisch;Sarmacka;Sarm�tica;Sarmata;Szarmata;Sarmat�tina;Szarmata;Sarmatisch;S�rmata;����������;Sarmatian;x
sazlei;Sazlei;Sazlei;Sazlei;Sazlei;Sazlei;Sazlei;Sazlei;Sazlei;Sazlei;Sazlei;Sazlei;������;Sazlei;x
schwarzreicher;Schwarzreicher;Chvartzra�cheuse;Schwarzreichisch;Szwartzrajcherska;Suartzer�yjera;Schwarzreicher;Schwarzreicher;Schwarzreicher;Schwarzreicher;Schwarzreicher;Xuarcer�iquera;���������������;Schwarzreicher;x
scottish;Scottish;�cossaise;Schottisch;Szkocka;Escocesa;Scozzese;Sk�t;Skotski;Sk�t;Schots;Escocesa;�����������;Skotlantilainen;x
sicorathi;Sicorathi;Sicorathi;Sicorathi;Sicorathi;Sicorathi;Sicorathi;Sicorathi;Sicorathi;Sicorathi;Sicorathi;Sicorathi;��������;Sicorathi;x
siculian;Siculian;Sicule;Sikulisch;Sykulska;S�cula;Sicula;Siculian;Siculski;Siculian;Siculisch;S�cula;����������;Siculian;x
sidonian;Sidonian;Sidonienne;Sidonisch;Sidonijska;Sidoniana;Sidonia;Sidonian;Sidonian;Sidonian;Sidonian;Sidoniana;���������;Sidonian;x
silfrvazling;Silfrvazling;Silfrevazlingue;Silfrvazling;Silfrwazlingska;Silfrvazling;Silfrvaslinga;Silfrvazling;Silfrvazling;Silfrvazling;Silfrvazling;Silfavaslinga;����������������;Silfrvazling;x
siouan;Siouan;Siouane;Sioux;Sioua�ska;Siux;Sioux;Siouan;Siouan;Siouan;Siouan;Sioux;���������;Siouan;x
smelis;Sm�lis;Smelisse;Sm�lis;Sm�lis;Esm�lis;Sm�lis;Sm�lis;Sm�lis;Sm�lis;Sm�lis;Sm�lis;������;Sm�lis;x
smugly;Smugly;Smouglie;Smugly;Smugly;Esmugl�;Smugly;Smugly;Smrd�;Smugly;Smugly;Smugly;������;Smugly;x
sonoran;Sonoran;Sonoraise;Sonoranisch;Sonora�ska;Sonorana;Sonorano;Sonora;Sonoran;Sonora;Sonoran;Sonorana;�����������;Sonoran;x
sorbian;Sorbian;Sorabe;Sorbisch;�u�ycka;Soraba;Soraba;Szorb;Luzickosrbsky;Szorb;Sorbisch;Sor�bia;��������;Sorbialainen;X
spaniolic;Spaniolic;Espaniolique;Spaniolisch;Spaniolikska;Espaniolica;Spagnolica;Spaniolic;Spaniolic;Spaniolic;Spanjaard;Spaniolica;�����������;Spaniolinen;x
strombian;Strombian;Strombien;Strombisch;Strombian;Estrombio;Strombiana;Strombian;Strombian;Strombian;Strombian;Estrombiano;���������;Strombian;x
sudic;Sudic;Soudique;Sudikisch;Sudikska;Sudica;Sudic;Sudic;Sudicki;Sudic;Sudic;Sudica;���������;Sudic;x
sudreicher;S�dreicher;Sudra�cheuse;S�dreichisch;Sydrajcherska;Sudr�yjera;S�dreicher;S�dreicher;S�dreicher;S�dreicher;S�dreicher;Sulr�iquera;�������������;S�dreicher;x
suebi;Suebi;Su�ve;Suebisch;Swebijska;Sueva;Svevo;Szv�bek;Suebi;Szv�bek;Suebi;Sueva;��������;Sveba;x
sureno;Sure�o;Sour�gno;Surenjo;Surenjo;Sure�a;Suregno;Sure�o;Sure�o;Sure�o;Sure�o;Surenha;�������;Sure�o;x
surinamian;Surinamese;Surinamienne;Surinamisch;Surinamska;Surinamesa;Surinamese;Surinamesei;Surinam�tina;Surinamesei;Surinaams;Surinamense;�����������;Surinamilainen;x
suurjokian;Suurjokian;Sourioquienne;Suurjokisch;Suurjokska;Suryoquia;Surgiochiana;Suurjokian;Suurjokian;Suurjokian;Suurjokian;Surioquia;������������;Suurjokian;x
svart;Svart;Svart;Svart;Svart;Svart;Svart;Svart;Svart;Svart;Svart;Svart;�����;Svart;x
sydlig;Sydlig;Sydlig;Sydlig;Sydlig;Sydlig;Sydlig;Sydlig;Sydlig;Sydlig;Sydlig;Sydlig;������;Sydlig;x
symacom;Symacom;Symacom;Symacom;Symacom;Symacom;Symacom;Symacom;Symacom;Symacom;Symacom;Symacom;�������;Symacom;x
sythchy;Sythchy;Sythchy;Sythchy;Sythchy;Sythchy;Sythchy;Sythchy;Sythchy;Sythchy;Sythchy;Sythchy;�����;Sythchy;x
szekely;Sz�kely;Sicule;Szeklerisch;Seklerska;S�cula;Sicula;Sz�kely;Sz�kely;Sz�kely;Sz�kely;S�cula;����������;Sz�kely;x
taliaite;Taliaite;Talia�te;Taliaitisch;Taliaitska;Taliaita;Taliaita;Taliaite;Taliaite;Taliaite;Taliaite;Taliaita;�����������;Taliaite;x
thegioimoi;Thegioimoi;Th�gioimoi;Thegioimoi;Thegioimoi;Thegioimoi;Thegioimoi;Thegioimoi;Thegioimoi;Thegioimoi;Thegioimoi;Thegioimoi;����������;Thegioimoi;x
thracian;Thracian;Thrace;Thrakisch;Tracka;Tracia;Tracia;Thracian;Thr�ck�;Thracian;Thracisch;Tr�cia;����������;Trakialainen;x
thracian_african;Dinupulian;Dinoupoulienne;Dinupulisch;Dinupulia�ska;Dinupuliana;Dinupuliana;Dinupulian;Dinupulian;Dinupulian;Dinupulian;Dinupuliana;������������;Dinupulian;x
thracian_american;Midneic;Midn�ique;Midneisch;Midnejska;Midneica;Midneica;Midneic;Midneic;Midneic;Midneic;Midneica;����������;Midneic;x
thracian_australian;Scalmenian;Scalm�nienne;Skalmenisch;Skalmenia�ska;Scalmenia;Scalmeniana;Skalmen;Scalmenian;Skalmen;Scalmenian;Escalmeniana;��������������;Scalmenian;x
thulean;Thulean;Thul�enne;Thulisch;Thulejska;Tulesa;Tuleese;Thulean;Thulean;Thulean;Thulean;Tuleana;���������;Thulean;x
tocharian;Tocharian;Tokharienne;Tocharisch;Tocharska;Tocaria;Tocaria;Tocharian;Tocharian;Tocharian;Tochaars;Tocariana;���������;Tokarilainen;x
tounensois;Tounensois;Tounensoise;Tounensois;Tun�sua�ska;Tunensesa;Tounensese;Tounensois;Tounensois;Tounensois;Tounensois;Tunansesa;������������;Tounensois;x
trattoloyan;Trattoloyan;Trattolo�enne;Trattoloisch;Trattolojska;Trattoloya;Trattoloiana;Trattoloyan;Trattoloyan;Trattoloyan;Trattoloyan;Trattoloiana;�������������;Trattoloyan;x
tulari;Tulari;Tulari;Tulari;Tulari;Tulari;Tulari;Tulari;Tulari;Tulari;Tulari;Tulari;������;Tulari;x
tupi;Tupi;Tupi;Tupi;Tupi;Tupi;Tupi;Tupi;Tupi;Tupi;Tupi;Tupi;����;Tupi;x
tyrrhafrican;Tyrrh-African;Tyrrhafricaine;Tyrrhafrikanisch;Tyrafryka�ska;Tirrafricana;Tirrafricana;Tyrrh-afrikai;Tyrh-africki;Tyrrh-afrikai;Tyrrh-Afrikaan;Tirrafricana;���������������;Tyrrh-afrikkalainen;x
tyrrhaustralian;Tyrrh-Australian;Tyrrhaustralienne;Tyrrhaustralisch;Tyraustraljska;Tirraustraliana;Tirraustraliana;Tyrrh-ausztr�l;Tyrrh-australsk�;Tyrrh-ausztr�l;Tyrrh-Australi�r;Tirraustraliana;�����������������;Tyrrh-australialainen;x
tyrrhenian;Tyrrhenian;Tyrrh�nien;Tyrrhenisch;Tyrre�ska;Tirreno;Tirrena;Tirr�n;Tyrh�nski;Tirr�n;Tyrreense;Tirreno;����������;Tyrrhenan;x
ualonuth;Ualonuth;Ualonuth;Ualonuth;Ualonuth;Ualonuth;Ualonuth;Ualonuth;Ualonuth;Ualonuth;Ualonuth;Ualonuth;�������;Ualonuth;x
ujvilag;�jvil�g;Ouivilague;�jvil�g;�jvil�g;�jvil�g;Uivilag;�jvil�g;�jvil�g;�jvil�g;�jvil�g;�jvil�g;�������;�jvil�g;x
ultramar;Ultramar;Ultramar;Ultramar;Ultramar;Ultramar;Ultramar;Ultramar;Ultramar;Ultramar;Ultramar;Ultramar;Ultramar;Ultramar;x
undead;Undead;Morte-Vivante;Untot;Nieumar�a;No-Muerta;Undead;�l�halott;Nemrtvi;�l�halott;undead;Morta-Viva;�������;Undead;x
usmailmian;Usmailmian;Ousma�lmienne;Usmailmerisch;Usmailmia�ska;Usmailmiana;Usmailmio;Usmailmian;Usmailmian;Usmailmian;Usmailmian;Usmailmiana;�������������;Usmailmian;x
vandal;Vandal;Vandale;Vandalisch;Wandalska;V�ndala;Vandalo;vand�l;Vandal;vand�l;Vandaal;V�ndala;�����������;Vandaali;x
vapian;Vapian;Vapian;Vapian;Vapian;Vapian;Vapian;Vapian;Vapian;Vapian;Vapian;Vapian;�������;Vapian;x
varangian;Varangian;Var�gue;War�gerisch;Waregska;Varangiana;Varangiana;Varangian;Varangian;Varangian;Varangian;Varangiana;���������;Varangian;x
varangian_african;Bl�lander;Bl�landeuse;Blaul�ndisch;Blolanderska;Blolandesa;Bl�lander;Blalander;Blalander;Blalander;Bl�lander;Blolandesa;�����������;Bl�lander;x
varangian_american;Amalahaimer;Amalaha�meuse;Amalaheimisch;Amalahajmerska;Amalahaymesa;Amalahaimer;Amalahaimer;Amalahaimer;Amalahaimer;Amalahaimer;Amalac�ima;���������������;Amalahaimer;x
varangian_australian;Samder;Samdeuse;S�mderisch;Samderska;Samdesa;Samder;Samder;Samder;Samder;Samder;Samdesa;����������;Samder;x
varangian_g;Varangian;Var�gue;War�gerisch;Waregska;Varangiana;Varangiana;Varangian;Varangian;Varangian;Varangian;Varangiana;���������;Varangian;x
venetic;Venetic;V�n�te;Venetisch;Wenetyjska;Ven�tica;Venetica;Velencei;Veneticki;Velencei;Venetic;Ven�tica;���������������;Venetsia;x
vespuccian;Vespuccian;Vespuccienne;Vespuccianisch;Vespuccia�ska;Vespuciana;Vespucciana;Vespuccian;Vespuccian;Vespuccian;Vespuccian;Vespuciana;�������������;Vespuccian;x
vinetan;Vinetan;Vinetan;Vinetan;Vinetan;Vinetan;Vinetan;Vinetan;Vinetan;Vinetan;Vinetan;Vinetan;�������;Vinetan;x
vinlander;Vinlander;Vinlandoise;Vinl�ndisch;Winlandska;Vinlandesa;Vinlandese;Vinlander;Vinlander;Vinlander;Vinlander;Vinl�ndesa;�����������;Vinlander;x
vinolan;Vinolan;Vinolan;Vinolan;Vinolan;Vinolan;Vinolan;Vinolan;Vinolan;Vinolan;Vinolan;Vinolan;�������;Vinolan;x
virshjuros;Vir�j�ros;Virchy�roise;Virschjuros;Wirszjuros;Virchyuros;Vir�j�ros;Vir�j�ros;Vir�j�ros;Vir�j�ros;Vir�j�ros;Virxi�rosa;��������;Vir�j�ros;x
visigothic;Visigothic;Wisigothe;Westgotisch;Wisigotycka;Visigoda;Visigoto;Vizig�t;Visigothic;Vizig�t;Visigothic;Visig�tica;�������������;Visigothic;x
wandernorse;Wander-Norse;Norroise Errante;Wandersnordisch;Tu�aczka Norweska;N�rdica Errante;Errannorrena;V�ndor-norv�g;Putov�n� - nor�tina;V�ndor-norv�g;Wandering-Noors;N�rdica Vagante;������������� �������������;Vaeltava-norjalainen;x
welsh;Welsh;Galloise;Walisisch;Walijska;Galesa;Gallese;Walesi;Vel�tina;Walesi;Wels;Galesa;����������;Walesin;x
wenedyk;Venedic;V�n�daise;Wenedisch;Wenedykska;Ven�dica;Venetico;Wenedyk;Wenedyk;Wenedyk;Wenedisch;Ven�dica;�����������;Venedialainen;x
western_slavic;Chervenian;Tcherv�noise;Tscherwenisch;Czerwie�ska;Cherveniana;Cervenio;Chervenian;Chervenian;Chervenian;Chervenian;Cherveniana;����������;Chervenian;x
wigazan;Wigazan;Wigazan;Wigazan;Wigazan;Wigazan;Wigazan;Wigazan;Wigazan;Wigazan;Wigazan;Wigazan;�������;Wigazan;x
xiyeren;Xiyeren;Xiyeren;Xiyeren;Xiyeren;Xiyeren;Xiyeren;Xiyeren;Xiyeren;Xiyeren;Xiyeren;Xiyeren;�������-���������;Xiyeren;x
xliponian;Xliponian;Chliponienne;Schliponisch;Szliponia�ska;Esliponia;Sliponiano;Slip�n;�liponsk�;Slip�n;Xliponisch;Chliponiana;����������;Ksliponialainen;x
y_wladfan;Y-Wladfan;Euvladvoise;�wladwarisch;Ywladfa�ska;Guladvesa;Ivlaffana;Y-Wladfan;Y-Wladfan;Y-Wladfan;Y-Wladfan;Euladef�;�����������;Y-Wladfan;x
yankuisemanatekatl;Yankuisemanatekatl;Yankuisemanatekatl;Yankuisemanatekatl;Yankuisemanatekatl;Yankuisemanatekatl;Yankuisemanatekatl;Yankuisemanatekatl;Yankuisemanatekatl;Yankuisemanatekatl;Yankuisemanatekatl;Yankuisemanatekatl;Yankuisemanatekatl;Yankuisemanatekatl;x
yarkamii;Yarkamii;Yarkamii;Yarkamii;Yarkamii;Yarkamii;Yarkamii;Yarkamii;Yarkamii;Yarkamii;Yarkamii;Yarkamii;�������;Yarkamii;x
ychibarku;Ychibarku;Ychibarku;Ychibarku;Ychibarku;Ychibarku;Ychibarku;Ychibarku;Ychibarku;Ychibarku;Ychibarku;Ychibarku;��������;Ychibarku;x
yenidun;Yenid�n;Yenid�n;Jenid�n;Yenid�n;Yenid�n;Yenid�n;Yenid�n;Yenid�n;Yenid�n;Yenid�n;Yenid�n;������;Yenid�n;x
yevanic;Yevanic;Y�vanique;Jewanisch;Jewanikska;Yev�nica;Ievanico;Yevanic;Yevanic;Yevanic;Yevanic;Iev�nica;�����������;Yevanic;x
ynnocho;Ynnocho;Ynnocho;Ynnocho;Ynnocho;Ynnocho;Ynnocho;Ynnocho;Ynnocho;Ynnocho;Ynnocho;Ynnocho;������;Ynnocho;x
ysthyalm;Ysthyalm;Ysthyalm;Ysthyalm;Ysthyalm;Ysthyalm;Ysthyalm;Ysthyalm;Ysthyalm;Ysthyalm;Ysthyalm;Ysthyalm;�������;Ysthyalm;x
ythalonim;Ythalonim;Ythalonim;Ythalonim;Ythalonim;Ythalonim;Ythalonim;Ythalonim;Ythalonim;Ythalonim;Ythalonim;Ythalonim;��������;Ythalonim;x
ythbynuthi;Ythbynuthi;Ythbynuthi;Ythbynuthi;Ythbynuthi;Ythbynuthi;Ythbynuthi;Ythbynuthi;Ythbynuthi;Ythbynuthi;Ythbynuthi;Ythbynuthi;��������;Ythbynuthi;x
yuzhny;Yu�ny;Youjnienne;Juschni;Jurznyjska;Yuyn�;Yu�ny;Yu�ny;Yu�ny;Yu�ny;Yu�ny;I�gen�;�����;Yu�ny;x
zarphatic;Zarphatic;Zarphatique;Zarphatisch;Zarfatitska;Zarf�tica;Zarfatico;Zarphatic;Zarfatic;Zarphatic;Zarphatic;Zarf�tica;����������;Zarphatic;x
zuidelijk;Zuidelijk;Jaoud�lique;S�dlich;�audelykska;Chaudeleca;Zuidelijk;Zuidelijk;Zuidelijk;Zuidelijk;Zuidelijk;Jaudeluca;�������������;Zuidelijk;x
zvejian;Zvejian;Zvejian;Zvejian;Zvejian;Zvejian;Zvejian;Zvejian;Zvejian;Zvejian;Zvejian;Zvejian;�������;Zvejian;x